{
  "800Thread-HTTP请求" : {
    "transaction" : "800Thread-HTTP请求",
    "sampleCount" : 160000,
    "errorCount" : 0,
    "errorPct" : 0.0,
    "meanResTime" : 2028.9129187500255,
    "medianResTime" : 2038.0,
    "minResTime" : 501.0,
    "maxResTime" : 2221.0,
    "pct1ResTime" : 2062.0,
    "pct2ResTime" : 2071.0,
    "pct3ResTime" : 2097.0,
    "throughput" : 392.6900742675103,
    "receivedKBytesPerSec" : 416.74316341536667,
    "sentKBytesPerSec" : 0.0
  },
  "700Thread-HTTP请求" : {
    "transaction" : "700Thread-HTTP请求",
    "sampleCount" : 140000,
    "errorCount" : 0,
    "errorPct" : 0.0,
    "meanResTime" : 1774.649892857135,
    "medianResTime" : 1777.0,
    "minResTime" : 501.0,
    "maxResTime" : 2084.0,
    "pct1ResTime" : 1859.0,
    "pct2ResTime" : 1874.0,
    "pct3ResTime" : 1890.0,
    "throughput" : 392.8093443731464,
    "receivedKBytesPerSec" : 416.8704840077496,
    "sentKBytesPerSec" : 0.0
  },
  "100Thread-HTTP请求" : {
    "transaction" : "100Thread-HTTP请求",
    "sampleCount" : 20000,
    "errorCount" : 0,
    "errorPct" : 0.0,
    "meanResTime" : 505.76059999999984,
    "medianResTime" : 505.0,
    "minResTime" : 500.0,
    "maxResTime" : 567.0,
    "pct1ResTime" : 511.0,
    "pct2ResTime" : 512.0,
    "pct3ResTime" : 516.0,
    "throughput" : 195.58754498513534,
    "receivedKBytesPerSec" : 207.5700803161917,
    "sentKBytesPerSec" : 0.0
  },
  "400Thread-HTTP请求" : {
    "transaction" : "400Thread-HTTP请求",
    "sampleCount" : 80000,
    "errorCount" : 0,
    "errorPct" : 0.0,
    "meanResTime" : 1012.8942374999928,
    "medianResTime" : 1016.0,
    "minResTime" : 500.0,
    "maxResTime" : 1113.0,
    "pct1ResTime" : 1029.0,
    "pct2ResTime" : 1033.0,
    "pct3ResTime" : 1043.0,
    "throughput" : 391.96472317491424,
    "receivedKBytesPerSec" : 415.9748399987751,
    "sentKBytesPerSec" : 0.0
  },
  "200Thread-HTTP请求" : {
    "transaction" : "200Thread-HTTP请求",
    "sampleCount" : 40000,
    "errorCount" : 0,
    "errorPct" : 0.0,
    "meanResTime" : 507.6833499999969,
    "medianResTime" : 508.0,
    "minResTime" : 500.0,
    "maxResTime" : 575.0,
    "pct1ResTime" : 515.0,
    "pct2ResTime" : 517.0,
    "pct3ResTime" : 522.0,
    "throughput" : 389.96617043471474,
    "receivedKBytesPerSec" : 413.85248379507766,
    "sentKBytesPerSec" : 0.0
  },
  "Total" : {
    "transaction" : "Total",
    "sampleCount" : 720000,
    "errorCount" : 0,
    "errorPct" : 0.0,
    "meanResTime" : 1443.0825763888097,
    "medianResTime" : 2038.0,
    "minResTime" : 500.0,
    "maxResTime" : 2221.0,
    "pct1ResTime" : 2062.0,
    "pct2ResTime" : 2071.0,
    "pct3ResTime" : 2097.0,
    "throughput" : 381.7042777916499,
    "receivedKBytesPerSec" : 405.08558243964166,
    "sentKBytesPerSec" : 0.0
  },
  "300Thread-HTTP请求" : {
    "transaction" : "300Thread-HTTP请求",
    "sampleCount" : 60000,
    "errorCount" : 0,
    "errorPct" : 0.0,
    "meanResTime" : 760.1903666666702,
    "medianResTime" : 762.0,
    "minResTime" : 500.0,
    "maxResTime" : 865.0,
    "pct1ResTime" : 814.0,
    "pct2ResTime" : 824.0,
    "pct3ResTime" : 839.0,
    "throughput" : 391.5171288743883,
    "receivedKBytesPerSec" : 415.49853435970635,
    "sentKBytesPerSec" : 0.0
  },
  "500Thread-HTTP请求" : {
    "transaction" : "500Thread-HTTP请求",
    "sampleCount" : 100000,
    "errorCount" : 0,
    "errorPct" : 0.0,
    "meanResTime" : 1266.4541099999867,
    "medianResTime" : 1267.0,
    "minResTime" : 500.0,
    "maxResTime" : 1425.0,
    "pct1ResTime" : 1353.0,
    "pct2ResTime" : 1365.0,
    "pct3ResTime" : 1387.0,
    "throughput" : 392.57252777450634,
    "receivedKBytesPerSec" : 416.62009851730267,
    "sentKBytesPerSec" : 0.0
  },
  "600Thread-HTTP请求" : {
    "transaction" : "600Thread-HTTP请求",
    "sampleCount" : 120000,
    "errorCount" : 0,
    "errorPct" : 0.0,
    "meanResTime" : 1518.5957083333362,
    "medianResTime" : 1524.0,
    "minResTime" : 500.0,
    "maxResTime" : 1639.0,
    "pct1ResTime" : 1540.0,
    "pct2ResTime" : 1545.9500000000007,
    "pct3ResTime" : 1558.0,
    "throughput" : 392.7935477113229,
    "receivedKBytesPerSec" : 416.85573265816487,
    "sentKBytesPerSec" : 0.0
  }
}